﻿<?xml version="1.0"?>
<doc>
<assembly>
<name>
Moccher
</name>
</assembly>
<members>
<member name="T:Moccher.My.Resources.Resources">
<summary>
  ローカライズされた文字列などを検索するための、厳密に型指定されたリソース クラスです。
</summary>
</member>
<member name="P:Moccher.My.Resources.Resources.ResourceManager">
<summary>
  このクラスで使用されているキャッシュされた ResourceManager インスタンスを返します。
</summary>
</member>
<member name="P:Moccher.My.Resources.Resources.Culture">
<summary>
  すべてについて、現在のスレッドの CurrentUICulture プロパティをオーバーライドします
  現在のスレッドの CurrentUICulture プロパティをオーバーライドします。
</summary>
</member>
<member name="P:Moccher.My.Resources.Resources.Mocchi2">
<summary>
  型 System.Drawing.Bitmap のローカライズされたリソースを検索します。
</summary>
</member>
<member name="P:Moccher.My.Resources.Resources.Mocchi3">
<summary>
  型 System.Drawing.Bitmap のローカライズされたリソースを検索します。
</summary>
</member>
<member name="P:Moccher.My.Resources.Resources.setting">
<summary>
  型 System.Drawing.Bitmap のローカライズされたリソースを検索します。
</summary>
</member>
<member name="P:Moccher.My.Resources.Resources.Sitirin_transparent">
<summary>
  型 System.Drawing.Bitmap のローカライズされたリソースを検索します。
</summary>
</member>
<member name="P:Moccher.My.Resources.Resources.Sitirin_transparent___コピー">
<summary>
  型 System.Drawing.Bitmap のローカライズされたリソースを検索します。
</summary>
</member>
</members>
</doc>
